{
  "probabilities": {
    "A": [
      0.00026
    ],
    "B": [
      0.29987
    ],
    "C": [
      0.69987
    ]
  }
}